	PC1	PC2	PC3	PC4	PC5
Sample_1	-1.2146	-9.5139	9.3815	-8.1709	7.2701
Sample_2	2.2553	1.2089	7.5198	-8.5473	3.1073
Sample_3	3.2221	7.714	8.502	8.1924	6.9066
Sample_4	-0.7844	2.6127	9.029	7.3877	6.1667
Sample_5	-3.5264	-3.3861	-4.9063	-3.2926	6.447
Sample_6	-5.6339	5.3876	-8.4539	-2.9086	-8.4119
Sample_7	9.3327	1.2659	8.5331	-3.1373	-2.9274
Sample_8	-3.7136	-6.7963	5.2948	8.5177	9.1412
Sample_9	-2.785	4.1766	-2.5669	2.5636	-1.7404
Sample_10	1.6822	0.9245	-2.404	-2.6602	0.7994
Sample_11	-7.6684	9.5565	-3.2977	1.7611	-0.1555
Sample_12	-1.2286	1.0844	-8.2726	5.593	-0.8755
Sample_13	6.587	-8.8987	1.724	-1.8126	-5.2561
Sample_14	3.6408	-5.9247	-4.88	4.4268	0.43
Sample_15	8.354	-0.1579	6.0136	-7.553	3.399
Sample_16	6.7357	4.6197	0.1104	-6.2658	-7.7654
Sample_17	6.7764	0.2574	-1.9629	7.7536	-3.3138
Sample_18	2.2563	9.534	-3.2352	5.9401	1.3868
Sample_19	8.3605	1.9103	-5.3733	1.7461	-8.585
Sample_20	4.3158	3.5507	0.05	-3.0596	-9.9567
Sample_21	-9.0193	0.0802	-1.8535	-6.2071	-0.0117
Sample_22	-9.9379	2.5845	9.994	-3.2618	2.1378
Sample_23	6.5277	-4.064	1.7416	0.021	-2.4196
Sample_24	-2.0352	-6.6734	-1.8472	6.5021	-5.1689
Sample_25	1.8692	1.4799	0.9442	6.519	-0.0386
Sample_26	-5.8973	1.1674	4.0361	6.7929	-0.9206
Sample_27	7.088	9.2296	8.3008	8.2814	-8.5386
Sample_28	7.5224	-8.4643	-7.9639	3.3022	-6.469
Sample_29	-0.5874	1.4876	-1.5782	0.5271	-5.8466
Sample_30	6.8632	-3.3664	-5.3255	9.1924	0.1516
Sample_31	5.3143	3.8925	3.2666	-8.4857	4.6838
Sample_32	-2.7372	-6.5136	-2.5995	-1.1387	5.6432
Sample_33	5.8244	8.2806	-5.977	6.1039	0.656
Sample_34	0.8522	1.9782	2.0452	-8.8858	1.5715
Sample_35	-7.9587	1.039	-4.8022	5.5162	5.8609
Sample_36	0.1063	-8.7357	-3.7796	-2.7838	9.4591
Sample_37	-3.9735	-4.4935	-8.5448	8.1013	7.5143
Sample_38	4.8284	-2.8115	7.9112	-9.2234	9.5012
Sample_39	-6.315	8.7282	0.8015	-9.4687	-7.5119
Sample_40	2.4597	3.3495	4.3603	-8.3158	2.2767
Sample_41	2.1297	0.3761	1.3462	5.2137	-4.717
Sample_42	4.885	-5.6479	-8.4337	-2.9202	-0.6755
Sample_43	2.1471	8.6693	7.9782	4.5953	-6.6097
Sample_44	-2.2841	5.6395	0.6844	0.6069	2.9694
Sample_45	-8.9371	9.1268	-7.0018	5.9261	-6.183
Sample_46	4.0157	-0.8272	1.8151	-0.5241	-7.8312
Sample_47	2.0662	1.445	6.0221	-7.9522	8.2286
Sample_48	7.087	6.0607	7.3749	6.427	-7.3018
Sample_49	-4.4756	-9.8775	6.0094	-0.0579	7.5123
Sample_50	-9.088	-3.5112	4.0932	-5.8533	-0.6653
Sample_51	2.1766	9.1659	-9.713	9.6548	-9.3241
Sample_52	-4.467	2.818	9.4552	-2.4318	-3.9458
Sample_53	-6.3062	-7.5642	-3.8009	-8.5014	8.2776
Sample_54	-9.6862	-2.6589	-5.3542	8.1167	6.3387
Sample_55	-7.3371	6.1646	1.5625	7.611	-3.266
Sample_56	9.9708	-8.7954	-5.0455	-7.3431	9.4205
Sample_57	6.1972	7.4778	-6.2626	-2.3495	2.4394
Sample_58	-5.1725	2.2328	3.1462	-5.0493	6.8135
Sample_59	1.5297	1.6037	-2.7483	-8.3216	1.118
Sample_60	-1.9114	2.3293	0.4297	-8.7431	8.5596
Sample_61	-9.3283	-5.4342	2.5971	0.2096	9.2713
Sample_62	-1.2723	4.3641	-7.4877	-6.1093	5.6891
Sample_63	6.2891	8.0949	-8.0048	7.1438	4.2257
Sample_64	1.2181	5.4196	-9.4161	2.2389	1.8714
Sample_65	6.9042	-9.932	-5.4155	3.7104	7.175
Sample_66	3.0865	6.5537	-8.518	-1.7154	-1.0689
Sample_67	5.1144	-0.4042	9.0568	4.3902	-2.3746
Sample_68	-4.4723	5.6486	1.6193	1.745	3.2794
Sample_69	3.0467	1.8371	-3.0744	0.858	1.7552
Sample_70	2.2945	-0.601	2.2618	-4.4024	7.6229
Sample_71	8.7658	7.7495	-1.7646	1.85	-9.7674
Sample_72	0.8317	-0.9424	-9.6362	6.4025	-0.682
Sample_73	-2.4425	-5.2067	-5.1381	-3.6931	-2.4006
Sample_74	6.8398	3.5396	-6.6247	3.4712	5.862
Sample_75	-7.8849	6.0906	-5.2245	3.9798	5.9979
Sample_76	2.233	2.7979	2.8083	-6.4137	-0.5136
Sample_77	1.0314	-4.108	0.6214	5.9945	2.1016
Sample_78	5.9951	6.5299	2.0964	0.1196	6.6755
Sample_79	-8.1205	-4.4937	3.8033	2.145	4.0826
Sample_80	6.3642	-5.9322	-3.4771	-3.7392	-9.2559
Sample_81	-6.6796	-6.2241	-4.0263	-9.985	-0.9657
Sample_82	5.4986	-0.727	4.8012	7.1398	-1.7202
Sample_83	-9.2086	-5.2417	7.5857	-6.088	-4.4753
Sample_84	4.5508	-5.0034	2.3851	6.5032	4.8165
Sample_85	3.3555	-0.4656	-8.8745	6.5867	-4.4442
Sample_86	8.2357	-4.823	-0.8425	-8.9269	7.7825
Sample_87	2.8122	1.0364	-6.8309	-9.6034	-7.9925
Sample_88	8.991	-9.8717	1.6703	-7.3087	9.0535
Sample_89	3.272	0.9006	-3.8325	4.6596	-7.8
Sample_90	-2.2218	-0.607	-7.7159	-8.4663	3.7467
Sample_91	-9.9427	8.5836	-8.2315	-3.7841	5.7343
Sample_92	6.3457	1.1836	-4.5365	0.1815	6.074
Sample_93	-3.6712	8.4553	5.4435	0.2672	-5.5308
Sample_94	8.8509	3.482	-3.6617	-9.9458	-6.4434
Sample_95	0.4899	-5.1201	4.465	0.8499	2.1826
Sample_96	-0.678	-5.8733	-3.221	6.4995	-9.4603
Sample_97	-6.9223	4.4252	8.692	-8.0115	-3.4004
Sample_98	-7.9312	-7.7882	-6.5419	4.5808	4.6941
Sample_99	-7.3374	9.3105	-8.4893	-2.4676	-4.1285
Sample_100	-1.1373	4.2796	4.973	7.3727	-6.7383
Sample_101	3.4498	-0.7647	-6.7158	-3.4855	7.707
Sample_102	-7.2008	-7.2776	-7.9985	2.6063	0.1859
Sample_103	8.8172	-9.7476	5.7406	-9.7187	1.0962
Sample_104	3.268	-4.3903	9.7926	5.1358	-4.5573
Sample_105	-4.5143	6.8257	2.1304	-9.0158	-6.5426
Sample_106	4.4984	5.262	8.7809	7.6337	6.1112
Sample_107	6.9523	-2.0799	-9.9047	-1.461	-9.1674
Sample_108	-3.5383	-0.795	1.7299	0.0528	0.9167
Sample_109	9.389	3.2344	-6.2683	-8.0023	6.0861
Sample_110	0.8216	8.6728	-9.129	-5.1182	-2.3936
Sample_111	7.7973	-8.7031	8.6577	-7.5535	1.1091
Sample_112	1.8112	5.1083	-1.4712	7.8542	1.5616
Sample_113	-7.4715	7.3836	-7.3852	3.6628	3.6574
Sample_114	1.8126	-8.8493	0.5885	-8.8267	-0.5296
Sample_115	-9.742	-0.0836	7.3341	1.2917	6.4726
Sample_116	-8.4299	0.3987	-2.7407	2.3505	-3.2116
Sample_117	8.3222	3.3592	-3.4669	4.9258	2.112
Sample_118	-1.8927	-8.8787	-2.7153	3.9903	0.1886
Sample_119	7.4645	7.9856	3.9217	1.3269	0.7235
Sample_120	9.0866	3.9546	7.8544	1.3266	3.3029
Sample_121	3.7711	-3.6847	2.9332	-5.0747	1.5841
Sample_122	7.1982	9.4551	2.2682	3.9261	-2.0058
Sample_123	6.4628	1.3952	-2.0912	8.0749	-6.5424
Sample_124	-7.73	5.0825	-4.1244	8.7743	-3.9756
Sample_125	3.6654	9.6619	8.6454	-6.5969	2.3422
Sample_126	3.0859	9.0692	3.9725	-7.4128	-0.1192
Sample_127	2.9515	-3.1914	-9.5049	-5.9222	7.8175
Sample_128	4.4182	1.7892	0.2298	5.3599	8.881
Sample_129	-3.3724	-2.046	0.692	-1.9537	9.9841
Sample_130	-2.5084	5.1187	-1.0462	-7.6835	-6.8603
Sample_131	4.0163	-4.173	-7.9719	4.3625	8.8608
Sample_132	6.4534	5.574	-5.5294	-3.8467	4.2608
Sample_133	-9.1222	-5.0599	3.1991	1.6624	5.068
Sample_134	3.4823	-7.9579	-1.331	-5.8515	-8.278
Sample_135	-5.0918	-5.6718	2.8513	-3.1583	-0.4178
Sample_136	2.4013	-6.207	1.6258	8.4792	5.4451
Sample_137	4.398	-6.2513	6.3601	9.18	1.7331
Sample_138	-9.268	-7.4246	2.6503	-8.6999	1.4878
Sample_139	4.5532	-9.5208	-2.8767	-2.1305	5.5714
Sample_140	-8.2892	-5.4082	9.1648	-8.9324	5.8712
Sample_141	-6.9453	-4.057	6.7311	-1.364	-3.8116
Sample_142	6.247	7.7569	6.7322	-9.3845	-1.0161
Sample_143	-5.9621	7.1279	-9.2276	5.1815	7.6308
Sample_144	-1.6302	1.5478	1.4134	5.3246	5.1492
Sample_145	-3.0571	-9.5237	3.5687	7.893	-5.8672
Sample_146	1.9741	1.7333	3.6846	-0.1031	-1.3913
Sample_147	-6.4977	1.8439	-5.8839	-1.534	1.337
Sample_148	8.5489	-2.276	3.2568	2.2914	2.5097
Sample_149	-0.5386	-2.7821	5.8868	0.0156	-2.4739
Sample_150	-3.6795	-1.5109	-4.8495	9.1229	-4.2827
Sample_151	2.0289	-9.7129	-5.0203	-8.1875	-2.6895
Sample_152	4.9894	-2.5354	-2.4568	5.2455	-8.2501
Sample_153	9.7763	-0.2311	6.796	-9.5839	0.6442
Sample_154	-2.9391	-9.9978	4.9972	-9.9827	9.1665
Sample_155	0.064	-1.5135	-5.4022	8.2635	1.798
Sample_156	-6.2937	6.7615	6.2924	7.2879	-7.7234
Sample_157	-5.0574	-4.6241	2.5456	-9.8273	-9.408
Sample_158	0.8362	2.706	3.6637	4.5648	6.1817
Sample_159	-7.585	4.3558	-5.9426	2.8815	-5.5503
Sample_160	-4.0897	7.5391	5.8111	1.2342	-4.3195
Sample_161	2.0768	3.7462	9.4259	-3.3945	9.8122
Sample_162	-8.8603	-7.2444	9.1955	-7.9443	4.5269
Sample_163	9.1647	-7.2762	8.7425	3.0186	3.5519
Sample_164	-3.0997	1.4157	5.9266	6.6421	9.3759
Sample_165	-3.9609	1.2728	1.3475	-7.3026	6.0165
Sample_166	-2.7739	1.6991	-1.7428	0.7576	-5.8788
Sample_167	-5.6118	-9.1285	-7.8772	-0.3067	-7.7733
Sample_168	2.4792	4.0975	-6.704	-2.3573	3.2493
Sample_169	-7.7336	-8.5015	3.949	9.3045	-5.8183
Sample_170	-5.0658	5.3137	8.7475	-0.0546	0.9176
Sample_171	5.4125	1.5102	-6.7634	-8.2463	4.6737
Sample_172	4.0496	2.0053	-7.7193	8.8274	-6.0277
Sample_173	0.4442	0.0711	2.3312	1.6647	-8.3003
Sample_174	-2.7917	-5.1373	-3.6005	-3.8914	-0.3494
Sample_175	5.4927	-0.9084	-2.3725	-0.9736	9.25
Sample_176	-0.911	-8.4325	3.9162	1.5107	-4.7654
Sample_177	1.7277	-7.4889	9.1499	-2.074	-3.022
Sample_178	0.6453	9.1216	9.218	2.8169	-2.8902
Sample_179	-5.3256	-1.9222	2.5302	8.9917	-4.7662
Sample_180	3.0784	-4.9766	3.4493	2.2254	7.9381
Sample_181	6.4846	0.6897	6.7221	-8.342	-5.4918
Sample_182	-8.3089	-6.6919	-8.1058	-5.3363	-8.1522
Sample_183	-9.8312	7.6612	-9.1395	-0.8377	-3.1699
Sample_184	1.5597	-7.3383	9.909	-1.761	1.3936
Sample_185	8.0066	7.0466	2.4969	-0.206	-0.4046
Sample_186	-8.3212	-6.0921	1.7298	-6.3975	3.5885
Sample_187	-7.5194	-6.5112	-0.3319	5.3876	-8.606
Sample_188	4.5771	9.6835	-4.6391	-3.0395	-4.2055
Sample_189	8.2758	-6.0926	2.483	7.3592	5.3146
Sample_190	7.6155	-8.3687	-8.5794	6.8515	-7.3101
Sample_191	-4.3833	3.9483	5.6027	6.7862	8.0143
Sample_192	8.4784	-3.9168	8.5817	-3.3316	0.5537
Sample_193	-2.9641	9.5147	-0.0127	-9.2376	1.7979
Sample_194	6.5258	-9.1711	-8.8952	-5.9901	-2.6052
Sample_195	-9.7846	8.7593	-2.6197	-5.0524	-6.9179
Sample_196	-1.2977	-0.8598	8.8989	9.9306	-5.7286
Sample_197	1.2295	-2.518	1.823	-8.6617	-9.2722
Sample_198	4.6712	-3.3208	-7.974	-1.9959	0.9699
Sample_199	-6.2835	5.7259	-1.8278	-1.8568	-2.8626
Sample_200	0.583	3.0138	6.7493	7.1859	7.2017
Sample_201	-9.126	4.2209	8.0021	9.4411	-5.6357
Sample_202	6.9165	-8.3798	8.5671	-8.1447	0.7707
Sample_203	-1.8206	-3.1931	-2.2894	-7.3448	-9.4823
Sample_204	-5.0039	-9.3921	4.263	8.9521	6.3676
Sample_205	0.3264	-4.2956	-7.476	-4.4626	-9.9036
Sample_206	-0.5767	-7.794	3.7172	9.2533	8.8323
Sample_207	-0.5277	-0.2824	5.4389	6.2052	-0.9541
Sample_208	-7.4298	-7.5075	6.9883	6.1434	-6.3315
Sample_209	6.0982	-7.5616	-5.0769	1.1628	-8.0317
Sample_210	-8.0053	-7.7794	-4.2591	-9.4798	5.7336
Sample_211	0.4211	-2.9603	-0.4961	-7.5177	7.4253
Sample_212	9.2316	-1.652	8.6661	7.523	0.5174
Sample_213	3.2725	-1.378	-4.6197	-8.3665	-5.8507
Sample_214	5.7137	-3.4947	9.4426	5.9797	1.3306
Sample_215	8.6528	-9.3505	-6.3415	2.9895	-0.9771
Sample_216	-5.6077	6.575	0.3119	3.1019	2.4673
Sample_217	-2.6904	-4.6663	-1.0538	2.8973	4.7156
Sample_218	3.2786	-7.5762	-2.1653	0.585	9.8441
Sample_219	9.1977	5.4063	2.9043	1.3583	-6.1034
Sample_220	-5.8197	9.2339	-4.6529	7.6656	-8.1611
Sample_221	2.2779	-0.5281	-7.557	-2.3326	-5.7804
Sample_222	7.5616	8.4063	2.0307	-4.3064	-2.5318
Sample_223	3.3871	9.2691	5.6199	8.8314	1.9474
Sample_224	8.5286	1.2594	4.0178	-1.3424	-6.2718
Sample_225	7.8584	-1.8061	-7.2806	-6.4087	-5.7659
Sample_226	1.6839	9.2465	7.6972	-1.1484	4.709
Sample_227	-7.2762	-4.9677	-6.092	8.0771	-4.5218
Sample_228	-6.8459	2.1967	5.9852	0.9388	1.9612
Sample_229	8.1724	-3.9062	6.0673	-3.4345	2.278
Sample_230	-8.5274	-2.3291	-6.0121	7.3726	-0.0317
Sample_231	-1.0944	9.6475	8.3369	-4.9279	-2.8033
Sample_232	-5.0881	0.9959	8.5798	9.1276	-8.4575
Sample_233	4.3961	5.1885	-7.6328	2.6318	-9.0018
Sample_234	-1.3455	-1.8511	9.9398	-5.073	-8.2068
Sample_235	4.3508	8.4098	4.1104	-2.4075	4.3085
Sample_236	-7.251	-2.3844	-4.3511	-3.3877	4.206
Sample_237	-6.1993	0.3162	-8.6957	0.4592	-5.5048
Sample_238	-5.3963	-5.8425	5.0522	4.643	-5.9893
Sample_239	-7.4976	-7.3939	-5.9114	8.0644	-9.4883
Sample_240	-5.5434	7.4619	-0.5569	-3.4304	6.2472
Sample_241	3.3355	5.3882	-9.5181	0.8233	0.5532
Sample_242	5.8432	-4.314	3.1595	-1.8301	6.8748
Sample_243	-6.1028	3.527	-8.3649	5.3128	-8.7209
Sample_244	2.2898	-9.669	3.2219	-6.2255	9.5283
Sample_245	-5.0351	-6.1012	-8.009	-9.6128	-9.0489
Sample_246	-1.2374	-5.5603	4.2934	-8.6679	-7.4863
Sample_247	-4.6037	-6.6791	9.7845	-0.7398	-6.3631
Sample_248	-8.1641	1.2804	9.4712	9.8945	5.5847
Sample_249	2.8999	-0.0277	4.0188	-4.247	-5.6835
Sample_250	-2.9556	-3.3637	7.319	-8.7226	4.0284
Sample_251	7.0414	7.3461	4.8804	4.1744	6.8738
Sample_252	1.7846	7.4238	-5.6188	-9.3184	4.6765
Sample_253	-6.266	-4.6427	-2.9161	6.6919	0.1459
Sample_254	-4.5873	-9.2295	-6.9976	-6.7118	-0.0497
Sample_255	9.5008	4.3645	8.3279	7.3366	5.7832
Sample_256	-3.7423	-3.2588	-8.4511	-8.9043	5.9068
Sample_257	-8.8861	-0.3253	-2.5006	-4.9636	5.939
Sample_258	3.7696	1.9204	1.5624	2.4623	3.1973
Sample_259	-1.1515	1.0642	8.8927	-9.626	-7.3889
Sample_260	3.5407	-5.8414	-9.6575	7.9869	-7.9328
Sample_261	9.8101	1.7083	-7.7101	0.1822	-1.0184
Sample_262	2.1976	-2.762	-6.7329	9.674	-9.2533
Sample_263	0.7234	3.7378	-8.2361	-4.5628	6.2066
Sample_264	-1.1091	-3.5261	6.0058	7.2501	3.8223
Sample_265	-8.5378	-9.1458	-6.2962	5.0939	1.9407
Sample_266	-2.7753	-6.8367	3.3957	0.3275	7.435
Sample_267	-2.271	-1.4028	-8.819	-5.5311	9.3482
Sample_268	-9.9239	2.1401	5.5249	3.8959	-3.8105
Sample_269	1.4655	-8.5182	9.8323	-5.6022	-1.4516
Sample_270	5.3469	-4.5763	2.4028	-9.7384	-7.0054
Sample_271	0.7487	4.9383	7.8192	-2.6105	0.5853
Sample_272	-0.2495	-0.5112	-1.1804	1.3237	8.9516
Sample_273	8.0572	-9.6084	-4.7814	1.0149	6.4555
Sample_274	-0.4886	-2.0686	-7.5376	7.8905	2.2963
Sample_275	-7.7289	1.6092	9.374	2.0078	7.1881
Sample_276	4.2794	0.2045	8.4352	-3.6962	-6.5872
Sample_277	9.1179	7.6933	-9.4554	-8.2495	-3.8534
Sample_278	-9.0778	3.7378	9.5565	-9.1596	3.0303
Sample_279	4.4956	1.285	-3.9011	-1.3134	-5.2266
Sample_280	8.7165	0.5311	3.0296	9.4652	0.6296
Sample_281	7.7157	-0.6712	-1.3595	-1.6705	6.836
Sample_282	-4.448	4.0904	0.2808	-6.002	4.2549
Sample_283	4.8489	8.3742	-4.3525	-8.01	8.6259
Sample_284	-3.1642	-4.5312	7.7752	6.0501	-7.7543
Sample_285	-2.5703	3.4874	1.3253	8.6385	-0.7848
Sample_286	-0.6337	9.332	-1.805	3.3682	3.3678
Sample_287	-5.1415	8.5892	4.838	7.164	-9.3461
Sample_288	8.132	-0.8861	-7.4793	2.4404	7.7434
Sample_289	6.9563	3.396	-4.3989	-4.3371	6.9455
Sample_290	-2.2383	-5.7745	5.6265	5.1601	-6.7021
Sample_291	3.3506	-0.7252	0.3876	7.0085	-2.6044
Sample_292	5.2802	-3.3686	-0.089	5.3226	-3.6187
Sample_293	5.5689	-2.9315	4.5919	-5.8576	-5.0123
Sample_294	-2.0897	2.8828	6.0164	2.9578	-4.9059
Sample_295	2.7145	7.5497	-2.3998	-1.596	7.683
Sample_296	0.832	-9.3088	0.5784	4.3333	-4.5589
Sample_297	7.3727	-2.7809	0.8112	6.2088	3.9608
Sample_298	2.0239	-7.0129	1.5334	2.1793	8.8019
Sample_299	7.0587	-6.8676	-7.8327	-8.7629	7.5889
Sample_300	4.4288	-5.5561	8.4336	-9.7892	0.1447
Sample_301	-8.3435	9.3259	6.2873	2.4757	-4.9887
Sample_302	3.684	7.1132	-1.3681	-1.6761	5.989
Sample_303	-6.3169	5.5874	6.7367	-5.4106	7.2874
Sample_304	-6.7962	-7.1346	7.3263	4.9683	-4.2526
Sample_305	4.185	-5.5389	8.8693	-2.7569	5.4575
Sample_306	3.6763	-6.4517	-2.8529	-7.4023	-4.6569
Sample_307	-5.8596	6.5823	4.4953	1.0363	-6.6181
Sample_308	6.5029	6.1406	8.4369	-9.2086	6.206
Sample_309	-6.8626	-7.9401	9.4478	-6.0705	9.9693
Sample_310	5.8389	2.0005	9.9238	-7.0318	5.7411
Sample_311	-3.7235	0.7994	-9.553	-0.9461	-8.158
Sample_312	0.4052	6.5412	3.6742	-9.2017	2.8583
Sample_313	-7.3337	3.9617	-5.9803	2.5013	8.2718
Sample_314	8.2608	2.1519	2.6784	-4.3692	4.0058
Sample_315	-7.8763	1.8983	7.714	5.4505	-8.2536
Sample_316	7.0203	-7.8592	3.6481	1.3339	-8.7939
Sample_317	-4.7827	8.1263	2.907	2.7581	-4.9043
Sample_318	9.0745	-5.3384	7.3035	-1.8072	-6.3427
Sample_319	-0.7052	5.5647	-1.7966	-6.635	-9.2854
Sample_320	-9.645	2.5206	-4.3665	-6.3158	-5.2062
Sample_321	-5.9567	-3.6972	-0.0961	8.3978	2.1629
Sample_322	3.4258	3.9295	2.1247	5.1412	-3.9735
Sample_323	9.3912	-5.6333	-4.288	7.9717	1.6482
Sample_324	9.3363	0.2917	9.1266	-0.5738	-4.408
Sample_325	3.7334	-9.1726	-8.0185	8.8414	6.027
Sample_326	2.2184	-4.5107	-0.6408	1.8172	3.2029
Sample_327	-1.4325	-6.1775	-2.8463	9.7438	-9.7188
Sample_328	1.8482	-8.5759	0.9337	5.8363	-1.5559
Sample_329	5.8864	-6.0628	3.7964	7.6708	4.2202
Sample_330	5.65	2.9977	7.8556	-1.7803	3.7398
Sample_331	-5.2373	-8.9428	-0.6838	4.547	7.859
Sample_332	8.2065	4.1977	-2.0117	8.6309	-7.4434
Sample_333	5.9594	7.0193	7.7535	5.5848	-2.8237
Sample_334	3.0427	6.9202	-4.6937	-4.6085	5.5199
Sample_335	-1.4153	-8.6413	-6.9481	6.6556	-3.469
Sample_336	4.7999	2.6647	2.6007	5.2062	0.712
Sample_337	-5.8674	7.4737	4.4178	3.4618	7.4275
Sample_338	9.9219	-6.8407	-4.9582	9.9957	0.6625
Sample_339	-8.1822	1.0962	6.5195	-9.2449	-1.8606
Sample_340	-1.4338	7.6572	9.9118	-6.5306	-4.8446
Sample_341	6.0235	-6.5978	4.1459	3.5164	0.5211
Sample_342	3.2543	4.102	-1.2316	7.7917	7.4776
Sample_343	0.534	-8.1925	-0.5155	-6.0903	-6.0808
Sample_344	-5.7908	-4.2726	8.9111	-4.5466	3.7208
Sample_345	-6.3949	-3.7004	7.9343	4.0964	4.7663
Sample_346	-5.0664	-1.4741	5.7447	-7.6959	7.3176
Sample_347	-8.427	5.7635	-1.6455	0.0525	7.499
Sample_348	5.2042	4.8881	-8.1212	-4.9008	-5.678
Sample_349	-4.3819	0.802	9.8043	4.7073	2.1873
Sample_350	2.173	-4.7544	-0.6301	-4.677	-0.9727
Sample_351	-7.8227	0.6092	3.9654	4.0187	9.6563
Sample_352	1.8003	-0.7119	4.0408	-0.4309	-0.8257
Sample_353	-1.8187	-4.409	-5.5288	-8.2879	4.6334
Sample_354	6.8511	-7.6196	7.6913	-5.4175	-5.1127
Sample_355	-6.9338	-4.3907	1.0293	-2.4226	-3.6022
Sample_356	-7.1376	-1.8216	5.0645	9.0703	-8.3892
Sample_357	8.993	5.5054	4.6701	-4.6869	0.8194
Sample_358	-5.2453	-5.0456	0.352	5.4316	4.2182
Sample_359	1.1097	6.1511	9.3138	6.4673	-3.6802
Sample_360	9.1222	0.785	-3.3283	-9.6217	5.9598
Sample_361	-0.015	3.6527	1.1729	1.5764	7.1916
Sample_362	8.4382	-1.3138	2.6549	2.3019	-6.8006
Sample_363	8.818	-7.3516	2.0073	-9.8952	5.2152
Sample_364	4.4153	-2.6641	7.4204	-7.4776	-2.3091
Sample_365	0.2629	-9.1245	-2.7335	3.0218	2.8247
Sample_366	9.1711	5.5411	8.9272	1.2794	-7.1363
Sample_367	-8.6642	6.6098	7.8446	-7.7457	4.994
Sample_368	0.7406	-5.4712	-2.1244	6.8222	-6.2981
Sample_369	-5.8966	-4.7639	8.1774	4.5533	-9.834
Sample_370	0.72	9.7443	-2.9035	-4.3235	9.242
Sample_371	6.7153	-2.0246	7.9813	8.572	8.9131
Sample_372	-3.9044	7.1328	3.4905	-8.6298	-4.3607
Sample_373	9.3474	-1.4541	2.1364	8.9569	-3.6298
Sample_374	6.7894	-0.7727	-9.0593	4.7905	6.1968
Sample_375	0.3501	9.7856	-4.8423	4.7571	-5.9558
Sample_376	-7.0361	3.0966	-7.8247	5.16	2.8645
Sample_377	-4.9451	2.5435	-7.9809	-4.7978	-3.0119
Sample_378	7.2573	0.9575	4.0494	-5.9892	7.2941
Sample_379	6.6141	1.8774	-1.8777	2.506	0.4562
Sample_380	-8.4381	-6.4536	5.7345	-3.4042	-3.6148
Sample_381	-2.8656	-0.3912	-0.7564	0.3284	-8.2716
Sample_382	-7.4512	-6.6469	5.3414	-6.0452	-7.7988
Sample_383	-5.347	2.8563	-5.7773	-8.7343	0.8268
Sample_384	-2.4666	5.2888	2.2312	4.07	0.7263
Sample_385	-1.1461	-2.65	4.1262	1.8626	-8.8345
Sample_386	7.7963	4.8327	-4.7898	-5.6611	3.9921
Sample_387	-5.8237	1.8788	-1.34	-9.1805	-6.2921
Sample_388	6.3813	4.7329	-9.1982	3.919	-1.0948
Sample_389	0.4033	-3.224	3.6946	7.5812	9.7994
Sample_390	-7.3674	-2.0756	7.0435	-6.5699	3.2804
Sample_391	3.2604	8.029	9.9626	-5.5529	9.6622
Sample_392	-1.3428	1.1116	-9.5608	6.2983	-3.3625
Sample_393	-0.1142	7.9852	6.4263	-1.7202	-8.3776
Sample_394	0.8677	-8.265	-5.3934	1.5963	9.0553
Sample_395	-7.898	5.3716	2.9394	3.0036	-0.478
Sample_396	-2.865	-4.0734	2.2637	-8.9672	-3.2931
Sample_397	6.3636	6.4859	2.6995	-0.7044	-8.8299
Sample_398	0.4564	5.891	9.8314	6.5932	-9.765
Sample_399	-3.9168	2.1404	-1.2243	-5.6448	4.4045
Sample_400	-6.3734	-0.4674	-4.8229	5.3255	-6.2444
Sample_401	-2.9679	-0.9869	7.2971	3.9941	-5.1378
Sample_402	-6.6442	-4.7015	3.7867	-6.4765	0.5897
Sample_403	6.4235	-5.6504	2.6013	-6.5618	-9.359
Sample_404	9.7486	4.3931	-8.3847	-8.3972	4.3313
Sample_405	-5.0362	-8.3177	-5.5296	8.2332	7.7585
Sample_406	-6.7904	8.4294	-6.647	-1.3833	-4.9716
Sample_407	-0.7094	1.4075	5.0857	3.1834	-8.8829
Sample_408	-4.7506	-4.6226	1.4449	-9.7859	-2.1588
Sample_409	-3.3464	-9.1532	3.1008	9.0702	2.4896
Sample_410	2.8352	6.0288	7.2764	-5.6059	-9.9442
Sample_411	3.4162	8.2811	2.2814	7.9356	-1.0926
Sample_412	-6.5166	3.9498	0.4207	-8.9754	6.2655
Sample_413	-3.9901	4.6196	5.788	-5.2394	-2.6057
Sample_414	-5.8696	-2.571	-1.7617	-0.7219	8.8558
Sample_415	8.0548	6.5321	-0.7348	6.3871	6.5826
Sample_416	-7.9535	-8.8407	3.0301	-3.191	2.1203
Sample_417	-2.6421	9.6736	4.7708	0.3458	1.1281
Sample_418	-8.6718	-3.2992	-7.4882	-1.9765	1.1991
Sample_419	7.2342	7.1657	6.3749	-7.8598	-9.9374
Sample_420	-0.9547	-3.7492	7.2532	0.3146	-8.4834
Sample_421	8.5788	0.5359	2.9399	0.91	-6.3343
Sample_422	7.2985	4.0665	-7.3953	2.9599	-1.5126
Sample_423	7.5252	-8.0002	-5.1565	-3.9003	-8.4728
Sample_424	2.1126	1.8395	-6.847	-7.05	-2.3478
Sample_425	4.5288	-8.8694	-7.0504	-8.4354	-2.0404
Sample_426	6.0203	7.3925	-3.179	0.5116	6.0466
Sample_427	-3.3578	8.8117	-4.9219	5.2593	2.0563
Sample_428	6.4952	3.3894	1.3487	6.5825	1.7171
Sample_429	5.8142	-3.4718	-7.5591	-5.3296	4.8726
Sample_430	9.9991	2.3875	-6.0496	0.065	8.2675
Sample_431	0.8479	-2.5222	4.4951	-6.2687	-7.1766
Sample_432	-7.7639	6.5881	-0.0317	4.5719	-0.0538
Sample_433	0.1213	-6.4749	-5.2694	-3.5429	-3.7087
Sample_434	-9.5955	0.2992	5.4648	-6.7961	-1.3579
Sample_435	5.764	5.7786	-3.3612	-7.8351	-0.4496
Sample_436	-0.812	-7.6659	-1.8925	1.8765	-1.4945
Sample_437	-1.1451	4.4323	-4.3477	8.6468	-3.515
Sample_438	1.0818	6.4227	-3.8555	-7.4487	-8.2957
Sample_439	8.8345	-2.2474	-4.0595	1.1179	-4.5873
Sample_440	-8.0126	8.5673	-3.2998	-8.5956	7.675
Sample_441	6.5554	-9.3636	-0.2311	2.0836	-3.6985
Sample_442	-0.4167	-0.1143	5.878	7.8396	-2.2995
Sample_443	-2.759	0.3012	-5.8701	6.7077	-5.0575
Sample_444	1.1869	1.1853	-7.1666	8.719	-4.8321
Sample_445	-5.3471	1.611	6.2896	8.36	-7.2103
Sample_446	-4.3696	4.4469	-5.9842	5.2949	7.492
Sample_447	-6.1667	-6.1831	-8.5665	8.3447	-7.6239
Sample_448	5.3554	1.7617	-4.607	-5.4022	1.63
Sample_449	7.806	2.5699	0.4578	1.9089	-6.5778
Sample_450	-9.7195	-4.8739	9.2554	-0.7232	-9.2182
Sample_451	0.2233	-5.925	-3.9484	-2.4278	-5.2813
Sample_452	7.2231	9.2085	7.9074	-8.5827	7.8357
Sample_453	2.6113	8.0981	6.8286	-9.2913	9.695
Sample_454	8.3942	-7.5252	6.6642	-0.4592	2.4442
Sample_455	-8.3816	1.3619	-1.102	-3.5416	2.9332
Sample_456	-5.0707	4.9718	3.7176	5.9708	-7.9668
Sample_457	7.4622	5.7023	-2.0442	-1.5795	-9.8335
Sample_458	-4.7674	4.9043	-2.1013	1.8988	-4.9026
Sample_459	-6.5594	4.1298	-7.1748	-8.7669	-0.3136
Sample_460	-5.8772	7.4624	-2.667	-9.057	6.8574
Sample_461	4.2015	5.0548	-5.5693	-1.4354	-9.6406
Sample_462	2.9967	9.4836	-2.0117	8.0189	7.9021
Sample_463	-9.3483	3.7872	2.3706	8.9183	7.52
Sample_464	-9.4632	3.2908	-6.3788	-5.5991	9.4097
Sample_465	-2.0235	-7.9139	5.019	-0.8697	8.8002
Sample_466	0.96	-8.3834	-1.8048	4.7196	8.818
Sample_467	-6.0634	-3.756	0.5485	-4.2936	-5.3238
Sample_468	-3.4627	-3.774	-5.7683	-7.5158	-5.3817
Sample_469	6.7422	-2.4293	5.9182	-8.2042	-5.3174
Sample_470	3.9265	-9.6828	-2.974	-5.6044	-0.7951
Sample_471	3.8872	9.1295	4.5698	-4.3628	-8.9789
Sample_472	-4.2202	-0.1649	-5.6283	3.2745	2.6838
Sample_473	1.8319	-4.9024	-3.706	1.2017	-2.119
Sample_474	-3.1357	-2.2832	4.4141	7.2766	2.8157
Sample_475	5.3911	4.1163	4.6848	-3.1387	-6.711
Sample_476	3.53	-6.0272	-8.9875	0.6036	-2.6842
Sample_477	0.8854	-0.4872	8.9327	-0.4915	-0.7547
Sample_478	-7.9714	-8.2609	5.0042	-7.2264	-4.7788
Sample_479	1.5593	4.839	1.4651	-6.301	-4.8774
Sample_480	7.3381	5.9683	-0.1546	-1.7529	4.3233
Sample_481	8.5746	4.6262	-1.6503	6.9603	-6.3128
Sample_482	-8.2743	7.4248	-7.1936	-8.7514	-7.6761
Sample_483	-8.996	-7.5416	6.9742	7.0126	-8.7649
Sample_484	-6.0136	-4.9651	2.1924	-8.6759	-9.9317
Sample_485	-8.654	-1.0737	2.9077	-5.6658	7.919
Sample_486	0.2976	-7.0547	4.2339	0.656	-9.7534
Sample_487	4.5788	-1.1999	8.2005	4.5946	0.5994
Sample_488	-8.2785	-6.0772	4.859	8.1105	-1.4026
Sample_489	-4.3901	-1.2686	-3.3114	-6.3632	-8.5145
Sample_490	4.3721	-0.3471	-0.2514	8.6098	-7.4354
Sample_491	-6.5217	-8.2234	7.3346	-5.6173	-7.0591
Sample_492	-4.703	-4.2872	-5.1815	-7.6393	-0.5498
Sample_493	4.3911	-0.062	-3.7633	-3.2071	1.4323
Sample_494	6.5559	0.8724	5.0637	-6.4353	7.5022
Sample_495	-7.1432	2.1533	-0.8016	-4.5125	-5.3148
Sample_496	-7.6639	3.1327	-6.568	-4.1752	9.164
Sample_497	-3.1879	-3.5375	3.3297	-0.3458	7.7825
Sample_498	1.3117	6.0643	-7.8865	3.2643	1.6441
Sample_499	5.0442	-4.6289	-5.4702	-4.4687	-0.1234
Sample_500	1.7185	7.8291	-5.7201	9.3526	4.7585
Sample_501	-2.9642	-2.6313	8.2807	1.5523	4.6978
Sample_502	-7.4105	5.0809	0.1477	5.0321	-3.0754
Sample_503	4.4619	0.5219	-8.0462	-9.4923	1.289
Sample_504	4.668	-2.0721	1.0487	6.8988	-7.4315
Sample_505	3.5277	-9.7301	-1.284	1.0059	3.0069
Sample_506	9.0828	2.6336	6.2231	-5.8618	-9.0664
Sample_507	1.5505	-6.3836	-6.8743	-4.9679	8.9636
Sample_508	0.5658	-3.8182	5.8787	-2.497	-0.7924
Sample_509	3.9075	9.2333	-6.6997	-8.146	8.058
Sample_510	1.2253	-4.6187	5.7924	5.8459	-0.2646
Sample_511	-0.715	-3.8137	-6.597	-5.6764	3.309
Sample_512	3.3611	9.8557	-4.2085	-6.8672	-8.0454
Sample_513	-7.5083	8.1676	0.1605	-3.2444	-3.9599
Sample_514	0.065	-4.2257	-0.0208	-1.4967	3.4494
Sample_515	3.9391	6.3448	-5.8052	8.7224	4.7138
Sample_516	-3.5947	-9.1953	-6.5509	4.7911	-8.7697
Sample_517	9.0611	-6.6363	9.3905	1.0685	4.8008
Sample_518	-0.8426	7.3331	9.2644	1.8674	5.194
Sample_519	-4.0619	-0.9854	-9.8756	-0.7419	-1.8714
Sample_520	-8.4184	-2.9397	-6.987	-2.9613	9.2936
Sample_521	-1.7618	-4.2627	7.5674	7.4396	0.6345
Sample_522	8.9401	6.2765	3.0662	3.3104	8.2733
Sample_523	-4.5261	-1.8427	5.1413	1.7482	3.1349
Sample_524	0.9812	-3.3616	3.053	5.3391	-1.451
Sample_525	5.0694	2.4104	-1.8718	-3.3479	5.0106
Sample_526	2.5129	2.1989	-6.2015	-2.7491	-9.7917
Sample_527	-0.9238	-4.3225	9.4197	5.7723	-1.8807
Sample_528	-9.4552	7.3486	9.4046	7.1977	-4.159
Sample_529	5.2322	3.0358	-4.5656	-2.1572	-7.1396
Sample_530	-7.8473	9.9893	-0.6163	8.7558	-3.8635
Sample_531	2.3501	7.3255	6.5252	9.4938	-9.2592
Sample_532	-7.2896	2.6194	-7.402	9.6478	2.1586
Sample_533	9.4139	5.311	-9.0646	-0.0556	6.9259
Sample_534	-9.6213	8.8336	-3.8309	0.4885	7.6281
Sample_535	-6.5918	4.1159	8.6137	-1.0665	7.1863
Sample_536	-1.6369	9.3343	-7.7048	7.9098	8.484
Sample_537	3.2937	-9.2863	4.9889	-4.559	8.4394
Sample_538	-9.7741	-7.3016	8.9985	-8.6517	4.0744
Sample_539	-3.3935	-3.712	-7.6538	-7.5137	7.212
Sample_540	7.0797	8.0782	-9.2216	-6.4481	4.4554
Sample_541	-2.4896	-2.7618	-7.0019	2.134	-3.7341
Sample_542	8.2067	2.4256	2.866	-1.5087	9.4991
Sample_543	-6.4001	-4.6055	-9.2765	0.3937	1.1394
Sample_544	-2.7918	6.3925	-9.0757	-5.8545	-8.0609
Sample_545	-9.031	-8.6899	2.7518	-2.5388	2.7149
Sample_546	-1.7979	8.9992	6.3363	-2.6197	1.3376
Sample_547	-2.6459	-5.5016	-8.7739	-8.1797	3.2455
Sample_548	6.3338	-1.341	-0.5445	-1.7065	7.1332
Sample_549	8.7505	7.8244	9.4714	7.9774	-3.1545
Sample_550	-9.3729	-9.4921	-5.9431	-7.0941	-6.0744
Sample_551	-4.9923	8.1982	1.8271	9.4508	-4.3666
Sample_552	-3.4702	4.9227	1.9328	-1.675	-5.9103
Sample_553	-0.1364	9.5951	-0.326	6.7504	0.5101
Sample_554	4.2288	4.4929	-0.0941	6.1631	-8.7527
Sample_555	0.4732	-7.2575	4.0842	-5.5865	-8.3505
Sample_556	4.6302	0.8884	-6.8349	2.0001	-0.2135
Sample_557	5.0329	3.2222	3.9841	-4.823	3.3386
Sample_558	-7.161	-1.6832	-0.5448	-3.159	2.2603
Sample_559	1.4479	3.3895	-5.1094	7.019	-4.9237
Sample_560	6.1234	3.0462	6.0412	7.9286	-3.1741
Sample_561	-2.9062	-6.1717	3.781	-6.0412	0.1102
Sample_562	-6.0436	6.2785	-4.5588	-1.666	8.1068
Sample_563	-6.5882	2.8111	-4.4499	-7.8949	-6.5576
Sample_564	-9.4148	3.3957	8.8951	6.7327	-3.9143
Sample_565	-7.4884	-5.7104	1.6033	-3.0686	-9.7226
Sample_566	-6.2656	0.3719	4.9867	-5.4412	0.767
Sample_567	7.1273	9.1004	-5.3915	4.6154	-0.1594
Sample_568	-6.9907	-3.166	4.3175	6.1087	-5.659
Sample_569	5.7823	-0.195	2.9022	9.7824	8.3775
Sample_570	-3.0979	-5.926	2.957	-5.9676	3.9847
Sample_571	3.3585	-1.0587	-3.8762	7.8389	3.5548
Sample_572	0.1733	-7.035	8.7141	8.3586	7.4891
Sample_573	1.6304	8.2889	-4.9894	8.5337	9.1191
Sample_574	-0.6458	-1.9408	-7.4257	-4.3926	0.1494
Sample_575	8.6597	8.8428	-7.674	9.4389	0.6959
Sample_576	6.4952	4.9796	1.9547	0.5411	0.3287
Sample_577	7.4514	-9.2089	-6.7296	6.0596	5.664
Sample_578	3.1269	-8.7657	-2.8471	2.57	-8.1819
Sample_579	-3.4709	-6.8503	0.7077	6.0398	2.5231
Sample_580	-4.7671	8.5006	-8.9563	7.6753	-8.4206
Sample_581	7.1712	-7.9751	-3.9228	-8.2289	-3.128
Sample_582	-3.0113	2.8908	-6.2809	-6.5357	8.3273
Sample_583	3.0698	0.8728	6.0199	6.2674	-8.5928
Sample_584	-4.1189	0.1168	1.6893	3.1931	-6.6256
Sample_585	-6.0568	5.644	8.8668	7.0476	-0.3066
Sample_586	-1.5777	-8.8833	2.2088	-1.3258	-1.4647
Sample_587	-5.4857	2.4701	8.8677	-2.056	-0.786
Sample_588	-2.418	2.2818	7.1907	9.3315	-3.2552
Sample_589	-4.4437	-8.6965	1.6661	6.3466	4.3364
Sample_590	-4.2007	9.2152	-4.9042	7.4847	-5.8078
Sample_591	-4.7186	5.6909	3.6438	-2.1022	8.8419
Sample_592	3.8587	6.0606	-5.9995	2.3393	4.863
Sample_593	-3.8864	4.2134	-6.0258	5.0776	-7.1206
Sample_594	8.5427	-8.6932	0.3108	-5.4264	-9.1279
Sample_595	4.3936	1.5233	0.4829	5.5717	-3.5992
Sample_596	1.0412	-0.0505	7.949	8.3425	5.7388
Sample_597	4.1087	8.7725	2.3574	-4.18	-2.1216
Sample_598	-1.2224	5.0641	-6.1319	-5.4471	-8.1214
Sample_599	1.9166	8.5701	4.9899	9.4285	8.9567
Sample_600	2.3572	-9.1031	-7.4277	-2.0292	-1.0727
Sample_601	-9.6898	-5.1764	-4.8698	1.9913	-2.9421
Sample_602	-0.3245	3.9944	8.0783	-1.0176	2.7797
Sample_603	5.9402	8.1457	8.2294	6.1845	3.825
Sample_604	-2.7513	-5.8923	-1.7593	0.2206	-1.599
Sample_605	8.6853	5.499	4.9062	-5.7337	5.0121
Sample_606	3.4975	-1.9063	-0.3514	2.9768	-3.8956
Sample_607	-5.3533	-3.983	-3.1021	-1.4157	1.5311
Sample_608	4.8148	-5.092	-8.1879	-1.166	-2.2228
Sample_609	2.0676	3.3228	1.9625	4.7007	8.098
Sample_610	-0.5268	-7.1507	-1.824	-2.8689	0.9144
Sample_611	6.0964	-7.9127	-0.4555	-9.1921	2.4366
Sample_612	5.9003	4.0999	-0.5406	7.0603	4.1872
Sample_613	-7.7654	0.9041	-7.1649	9.9033	2.7781
Sample_614	7.2983	7.3761	1.6638	7.818	4.8204
Sample_615	-7.2787	6.1782	3.0412	-7.6453	-1.0734
Sample_616	6.8781	5.5187	-4.1607	-9.6222	3.3462
Sample_617	3.8081	4.2597	-3.9472	5.9204	0.0041
Sample_618	2.8523	-2.7847	-8.885	8.2087	7.8446
Sample_619	8.8651	-8.005	-3.0894	0.8361	-1.7451
Sample_620	2.3782	0.193	7.9709	-1.0256	9.4637
Sample_621	-6.0199	9.215	-3.9902	4.0253	8.6573
Sample_622	8.06	-0.3009	-4.2002	-5.1122	-6.264
Sample_623	7.328	-1.1763	-0.8606	-7.1216	3.4555
Sample_624	-2.4084	-9.1713	2.198	-6.2973	1.3982
Sample_625	0.6278	2.8484	-0.4445	-2.0287	9.5713
Sample_626	-3.7851	-3.7911	1.4487	2.362	-3.3045
Sample_627	-7.4588	7.8246	7.9669	4.5071	-3.5498
Sample_628	7.9061	6.265	-7.3469	-5.6852	1.8501
Sample_629	7.24	-7.8505	9.6681	-1.1131	-4.1152
Sample_630	-0.9541	9.4786	7.5754	2.1882	-4.0769
Sample_631	-2.7112	7.4426	-6.4396	4.974	-0.3066
Sample_632	3.274	-0.1156	-9.8814	2.6088	-6.422
Sample_633	7.4963	-7.7407	7.3817	-4.6529	-1.2656
Sample_634	-8.707	-8.6235	9.322	-9.7324	-5.3429
Sample_635	2.6177	5.842	-0.8892	-0.1054	3.9964
Sample_636	7.8856	3.9369	-9.4187	1.8837	-5.6451
Sample_637	4.7375	-5.758	-9.7952	-2.2803	-0.8992
Sample_638	3.2842	1.9447	-8.3955	0.1916	7.5265
Sample_639	-4.5211	-9.3216	-0.1965	6.4139	9.1288
Sample_640	-9.1851	9.444	4.5533	1.101	4.503
Sample_641	7.4619	-8.8731	0.0307	-3.9982	-3.4782
Sample_642	2.3502	8.4319	4.155	-4.0472	8.2709
Sample_643	-9.2154	-5.6766	3.2994	2.9638	-2.5638
Sample_644	-0.23	-7.7362	-7.8395	9.5536	0.3371
Sample_645	-4.5209	-9.747	-9.4151	-0.6115	-9.6479
Sample_646	1.5471	-8.8776	-2.4911	6.1565	-1.0456
Sample_647	5.5927	-4.866	-1.257	6.379	5.3596
Sample_648	2.9078	1.7557	-9.9109	-0.8109	-4.6164
Sample_649	9.3109	5.7599	2.6668	5.3533	2.8813
Sample_650	-8.6149	-0.0774	-6.0884	8.2253	-9.7618
Sample_651	4.4691	4.5956	-7.352	2.8183	-0.1101
Sample_652	-2.3094	-9.746	1.1344	2.7774	-5.2629
Sample_653	5.1935	4.7942	-7.8294	-1.9079	-8.0341
Sample_654	-6.4364	4.4955	3.4573	-7.7691	-7.0413
Sample_655	-5.1193	1.6636	-0.1492	8.545	8.6459
Sample_656	0.1142	8.461	-7.2506	0.6358	3.9958
Sample_657	-6.9505	-3.8761	-6.3444	-6.6755	3.5016
Sample_658	6.761	1.3298	7.4818	-7.5666	-6.1104
Sample_659	-8.2895	-2.1113	-9.4623	-9.7595	-0.6731
Sample_660	-7.2909	5.6155	-7.5964	3.0133	-8.6826
Sample_661	-4.2339	-4.4572	-9.2333	-9.2864	-1.4935
Sample_662	-0.4919	-3.6926	-4.0905	-2.9431	-7.34
Sample_663	-0.9124	4.1057	-5.2334	-0.1632	5.3716
Sample_664	0.7763	-6.447	-1.467	-7.5065	-3.2095
Sample_665	-9.3861	-0.2456	1.5493	-2.251	2.1866
Sample_666	3.4984	8.9552	-9.9018	-7.0789	-1.1915
Sample_667	6.669	-2.5831	-8.1931	-0.4847	-6.1196
Sample_668	6.6629	-2.5603	3.5029	-7.6325	0.1522
Sample_669	4.5593	-5.7895	-2.7861	-9.6062	-5.4744
Sample_670	-9.2277	2.093	7.8567	-6.875	2.6209
Sample_671	-3.8382	-1.5224	8.7458	-3.9569	6.1945
Sample_672	-5.8131	4.7021	-0.0217	8.2111	-9.2684
Sample_673	-3.5205	8.7555	-1.1331	9.8645	-1.208
Sample_674	-7.8077	-5.8183	-8.9647	-3.623	4.3731
Sample_675	5.6318	-7.2591	9.2768	9.3119	2.7998
Sample_676	-9.2157	-4.9316	-2.3246	-8.2932	4.3583
Sample_677	-7.0752	-3.7559	1.7487	-5.3533	-7.7538
Sample_678	6.9011	3.6397	-2.2711	7.6223	5.1074
Sample_679	8.845	7.671	5.6989	1.9277	4.287
Sample_680	-0.5972	-8.2505	3.1204	-3.7571	-6.5935
Sample_681	7.8187	1.2138	-4.2765	7.8393	7.975
Sample_682	9.2248	-9.2516	-8.9179	6.9495	-0.0709
Sample_683	6.2662	6.2217	5.8194	6.1346	5.2293
Sample_684	8.3323	-3.915	2.5207	1.9172	9.2563
Sample_685	4.53	1.4664	-4.7232	2.92	-6.6673
Sample_686	-1.2223	-5.8084	-6.4655	-2.5354	-5.6122
Sample_687	3.4647	-4.8954	-3.8008	3.2097	4.2881
Sample_688	6.0042	0.5544	-7.2853	-7.6185	3.676
Sample_689	5.7863	6.196	-9.5159	0.5359	-0.8128
Sample_690	-1.9423	-9.0935	-2.9773	1.4516	-0.4358
Sample_691	-9.3312	7.4171	9.4524	-2.629	-3.2445
Sample_692	-1.7419	-6.8289	-5.6773	-2.4267	1.8998
Sample_693	6.1135	7.079	6.8975	9.4184	-2.7347
Sample_694	3.9147	8.2995	5.3701	3.8552	4.648
Sample_695	8.5824	5.8537	0.6615	-5.2406	6.1376
Sample_696	-9.2726	-7.4812	-1.2608	9.2067	6.7199
Sample_697	-9.793	-9.7669	9.8799	2.3506	-3.5656
Sample_698	-9.401	2.7801	-2.2602	2.0574	8.1619
Sample_699	-3.0487	3.4538	7.6189	7.2557	7.8165
Sample_700	-7.247	5.9771	-7.2075	-7.3731	7.7277
Sample_701	-4.097	1.1099	4.7881	-9.2638	-2.4854
Sample_702	8.9177	-1.2783	-5.0054	-1.0456	2.674
Sample_703	-4.9142	-1.3997	5.9569	-6.9774	0.3863
Sample_704	5.1057	4.5172	-2.5147	4.2525	-4.8818
Sample_705	-3.8611	-5.388	-9.2244	5.5409	-5.7788
Sample_706	3.1646	-5.4575	-0.0937	5.4662	-9.8875
Sample_707	1.9808	-3.7187	-0.6276	-5.7274	3.2278
Sample_708	-0.8878	3.5379	9.9735	-1.2267	-3.5421
Sample_709	0.6619	5.9987	5.997	-9.6442	-7.8891
Sample_710	-0.0246	-5.5181	5.9267	-9.9324	7.452
Sample_711	-4.4345	4.2275	-6.8846	8.218	6.4166
Sample_712	-0.4996	-7.3916	-5.1745	8.1988	8.2137
Sample_713	5.7175	3.688	1.491	4.3799	4.0782
Sample_714	1.9117	-3.3633	-5.5206	7.9757	0.0295
Sample_715	9.4427	5.0654	-4.6166	1.7842	-9.6389
Sample_716	9.733	6.631	9.2643	-7.724	-5.4294
Sample_717	-2.2138	-0.6185	-8.8745	4.1133	-6.8663
Sample_718	-5.0578	-5.062	-3.6085	0.4046	-8.3554
Sample_719	-1.6688	-8.8948	-6.954	4.1725	-4.714
Sample_720	8.0741	5.1612	-2.5466	-9.8855	-3.2367
Sample_721	8.4344	-0.9498	7.5113	-7.7272	7.2884
Sample_722	-8.7301	0.4839	8.8647	-2.4482	-9.4884
Sample_723	-8.5237	-4.1273	8.6399	-4.2253	5.8731
Sample_724	0.5766	8.3766	3.8135	-0.8776	0.2477
Sample_725	-5.7172	-6.4922	9.0487	3.9578	-3.219
Sample_726	0.9765	-6.707	-1.6639	-1.921	1.9738
Sample_727	-2.1263	3.2664	7.7242	-0.3307	-1.0985
Sample_728	-4.2647	1.4681	-0.8873	6.6294	2.4881
Sample_729	-6.0388	-9.8812	-6.804	2.0517	7.5079
Sample_730	-7.5821	-7.2566	-1.6103	-7.2255	4.0422
Sample_731	7.2522	-3.938	1.135	0.5155	0.5877
Sample_732	-8.8818	-4.5465	6.5384	-9.3254	-1.9081
Sample_733	-1.2814	-0.8296	-9.1173	0.7127	-2.8671
Sample_734	8.0009	1.8144	-6.3329	6.5477	0.3906
Sample_735	4.3313	5.5622	-2.3649	-6.5004	5.9406
Sample_736	-6.2579	-1.2619	4.8184	6.4296	-4.4541
Sample_737	9.0777	-3.8486	-5.2609	1.3966	7.0936
Sample_738	-4.7298	-6.2062	2.7102	2.6225	3.3672
Sample_739	-6.5714	-8.3139	8.902	8.6109	2.8122
Sample_740	-9.8199	-8.3472	-4.9871	-5.6736	5.6734
Sample_741	4.8613	-8.7789	-9.4522	8.3433	9.6876
Sample_742	4.37	9.2709	-4.5074	6.3549	-8.2302
Sample_743	1.0251	-5.1803	-0.9059	8.5619	7.0745
Sample_744	1.5632	-9.5435	4.3544	5.2262	-7.135
Sample_745	5.7436	1.8418	-8.3829	3.6458	-2.6664
Sample_746	-8.0947	9.4524	2.9515	2.4142	5.3043
Sample_747	1.3861	-1.0909	-8.953	0.0351	-2.6826
Sample_748	-1.8542	4.9844	-9.7945	4.9938	-1.1311
Sample_749	-8.8574	-7.7867	-8.8785	-0.5146	6.1422
Sample_750	-1.6059	-1.3856	-5.5419	-9.4266	-2.9928
Sample_751	7.3138	8.0532	-4.1202	4.0797	9.4594
Sample_752	-2.6788	-5.7328	7.9003	-6.9381	1.7637
Sample_753	4.2333	6.8618	9.1831	9.1092	3.6164
Sample_754	4.6893	-3.6142	-7.1835	4.7545	-9.4435
Sample_755	-6.7247	3.4008	0.0715	-2.7441	-2.8829
Sample_756	2.4753	9.46	-6.304	3.3195	2.6556
Sample_757	5.7292	-4.9803	-0.0185	-0.3651	8.2657
Sample_758	5.5941	-5.6817	0.2909	-9.738	1.0091
Sample_759	-9.2945	9.7691	0.042	-1.2858	-1.736
Sample_760	-4.3232	1.2464	-8.8515	-5.7104	8.125
Sample_761	-6.5028	0.5403	-9.1404	2.2626	1.0829
Sample_762	-2.9468	-8.8497	6.8747	-8.0409	-9.736
Sample_763	-4.0817	-1.7	0.4127	4.1276	-2.2828
Sample_764	-1.1405	-0.2689	-5.1311	-8.2833	-3.6721
Sample_765	-3.8783	0.9402	5.109	-0.0704	-1.5496
Sample_766	-0.0818	5.3896	6.5484	8.3468	6.0279
Sample_767	2.7812	7.3413	-2.4309	0.1009	-6.0467
Sample_768	7.7559	7.831	4.3133	-7.7301	0.4624
Sample_769	1.4636	-4.649	9.2153	6.5022	2.4641
Sample_770	-3.3424	-3.0122	-7.9341	-8.3499	-4.0661
Sample_771	-3.3492	-1.8463	1.9173	-5.4568	2.6325
Sample_772	9.9207	8.1706	-4.1381	8.4209	-0.6948
Sample_773	6.8475	0.8946	9.7019	-6.5593	9.1268
Sample_774	5.2903	-7.5519	-8.2257	-8.9861	-6.9835
Sample_775	-9.0072	2.5606	7.8036	-9.3546	7.348
Sample_776	0.7853	-1.3359	5.8589	-4.0131	5.8217
Sample_777	-1.2146	-8.774	2.3558	-6.8139	-1.8488
Sample_778	3.8932	-0.7512	-0.3502	3.4508	-3.9301
Sample_779	1.8655	-0.0252	0.3065	0.684	2.5257
Sample_780	-6.1018	6.7316	2.4434	5.9431	-2.905
Sample_781	0.3225	2.7068	9.0567	8.7506	7.9017
Sample_782	-3.6689	-2.3391	-5.2698	-2.3759	-0.9424
Sample_783	-0.1715	-5.0767	-9.9549	5.1188	8.2264
Sample_784	5.8785	-9.3864	0.1673	-3.6701	-4.883
Sample_785	-2.3347	-1.3055	7.3135	-1.2964	6.8367
Sample_786	7.2281	4.8406	-6.1362	5.233	-1.138
Sample_787	1.7749	0.8626	5.2248	8.576	9.4524
Sample_788	7.671	0.3226	-6.9329	4.3703	9.7135
Sample_789	-3.641	-8.5455	7.4637	7.5542	8.2366
Sample_790	-5.4598	-3.2857	-7.1462	0.9187	-3.6154
Sample_791	4.2466	-0.8735	4.764	5.1455	5.6301
Sample_792	4.53	-2.6199	-3.4021	-6.7147	6.3043
Sample_793	0.7485	-0.0433	1.8434	4.5422	-7.8234
Sample_794	1.339	0.2402	3.1755	-7.6708	1.7356
Sample_795	7.1012	9.8571	6.0502	8.147	9.9381
Sample_796	-2.7989	4.0578	-3.3593	-1.5442	-7.591
Sample_797	4.6456	5.8246	-2.0352	-8.4707	-4.5324
Sample_798	-0.3933	-5.3942	2.0693	1.1324	3.5115
Sample_799	-0.8385	-0.6361	0.0325	6.7507	2.3291
Sample_800	7.577	1.1252	1.1181	-4.4955	-3.1389
Sample_801	4.314	-0.5741	-7.5691	9.5256	-9.655
Sample_802	-5.5045	-7.3617	-1.0443	4.8958	7.6347
Sample_803	-6.9952	7.3021	7.1644	7.9692	-5.2064
Sample_804	9.5647	-4.296	3.4525	-1.2302	8.6529
Sample_805	-1.0876	5.3922	2.4925	-9.7759	9.3296
Sample_806	8.3805	4.0483	5.7654	-3.3003	-5.0708
Sample_807	-1.2689	2.106	0.0071	2.3132	7.6355
Sample_808	6.7211	2.2402	0.5746	7.2279	-2.4759
Sample_809	-3.6999	5.1833	-6.8267	-3.6172	-9.4926
Sample_810	5.304	3.8613	4.2318	6.3153	5.5774
Sample_811	-2.9043	0.8298	0.9484	-8.3685	-5.8449
Sample_812	-1.7625	2.5683	2.9256	1.0621	-4.7738
Sample_813	7.8141	-0.9708	-4.6981	5.204	2.9507
Sample_814	4.1775	-3.0254	-6.8192	-7.3426	-1.7918
Sample_815	-0.4477	6.5281	-6.1299	6.1461	0.717
Sample_816	8.3431	6.2647	-7.3487	-0.3401	2.0208
Sample_817	-6.8079	-6.9341	-2.0154	-3.7061	9.4808
Sample_818	-0.4964	-6.677	-4.8746	-4.5665	-4.7015
Sample_819	2.9366	-9.9358	-0.4341	5.1032	-6.3441
Sample_820	-2.2306	1.4588	-3.0738	-1.402	5.9395
Sample_821	7.8896	0.0277	8.3924	-7.6576	-8.721
Sample_822	1.2139	-9.8288	-8.123	0.2077	8.0006
Sample_823	-3.2307	1.1561	-3.3522	3.5172	9.1541
Sample_824	7.461	-9.0207	1.3491	-0.9597	2.2038
Sample_825	-3.7139	4.2653	0.7169	-2.2964	3.0033
Sample_826	-2.661	3.4465	1.7742	-7.0657	-4.3601
Sample_827	-7.0592	8.7538	2.9485	0.7835	-8.2962
Sample_828	4.2758	5.8861	5.2636	4.3379	7.993
Sample_829	-8.7231	7.7847	-4.7895	4.0866	5.5689
Sample_830	4.9795	-4.8106	-9.2288	-2.0527	-8.7531
Sample_831	-1.3012	-4.8077	5.4006	-8.4004	4.7932
Sample_832	-8.128	-7.5882	-5.3844	-9.946	-9.0367
Sample_833	6.8763	8.9044	-0.2219	1.6204	7.3643
Sample_834	-2.7195	-1.8035	3.435	-4.7669	2.7315
Sample_835	9.152	9.5634	-6.4199	-7.0304	7.4506
Sample_836	-1.4736	-4.2026	2.0495	9.9167	-8.4098
Sample_837	2.7111	-7.1305	-7.981	-6.5797	1.7217
Sample_838	-9.1919	1.6148	3.3495	2.3167	3.1371
Sample_839	1.5342	6.1458	-7.8334	0.2405	-1.7929
Sample_840	2.3805	-5.7476	5.9099	-0.5866	-3.6133
Sample_841	0.5875	8.3053	7.0816	-5.624	-6.2028
Sample_842	2.5707	3.7928	1.286	-6.7277	-2.7015
Sample_843	6.5648	2.0525	5.0325	-2.3116	-9.9787
Sample_844	7.0413	7.1302	7.173	5.2158	-3.3608
Sample_845	9.682	-3.6067	-3.0324	-2.2059	-4.9299
Sample_846	-1.867	9.8492	-6.4086	-9.0224	-7.684
Sample_847	3.4405	3.4386	3.0039	6.0501	-8.0115
Sample_848	7.1943	1.0708	-8.6519	-3.4503	-1.3629
Sample_849	7.8419	4.2115	5.7756	-7.8021	6.1473
Sample_850	-0.3443	-3.3923	-5.3443	-8.5419	0.4733
Sample_851	8.3617	9.1926	-1.2557	4.4671	1.2204
Sample_852	-1.0235	-4.4088	-7.5073	7.5629	7.4428
Sample_853	-8.8141	-0.0976	-8.3422	-0.9243	5.4689
Sample_854	-8.362	-9.4147	-1.0607	-4.0174	-6.0952
Sample_855	-2.0585	-9.779	5.542	-8.8691	0.7614
Sample_856	-6.6821	-8.3835	1.9468	4.4758	7.7566
Sample_857	1.9342	-8.4383	9.4325	-3.1333	1.0809
Sample_858	6.0234	-1.23	-9.9437	0.7491	6.0552
Sample_859	0.4221	5.3051	3.3081	8.7391	3.6014
Sample_860	-3.1982	-8.537	-7.7072	-7.1724	3.5538
Sample_861	8.285	-3.169	-3.105	-8.2329	-2.7917
Sample_862	-4.7276	-3.5801	-9.4696	7.3632	8.6523
Sample_863	-5.8242	-3.0002	3.6127	5.3163	3.8347
Sample_864	3.0576	0.6599	-4.4565	1.4237	9.3444
Sample_865	5.8419	8.815	-4.0407	5.2457	-6.0666
Sample_866	0.4347	-5.6103	8.6775	-7.2896	-5.361
Sample_867	3.2638	6.9064	8.2186	8.6269	-2.1051
Sample_868	-7.5201	-7.4476	-0.7882	2.4093	-9.2857
Sample_869	8.4407	-3.5045	8.0564	-7.7747	6.5212
Sample_870	-8.7331	6.5956	-7.7225	-8.9503	-7.8424
Sample_871	-4.1764	4.3679	7.7171	6.0338	0.9378
Sample_872	-0.5342	7.2544	7.1081	6.7382	-8.7769
Sample_873	-6.7715	-2.3492	5.1561	-5.5545	-9.3492
Sample_874	4.858	9.65	9.8621	6.7281	6.9857
Sample_875	-3.7941	-9.3331	3.2953	7.5778	-5.6013
Sample_876	8.7157	1.5824	-1.3192	-8.7284	-8.9098
Sample_877	-1.4533	-7.5678	-6.7411	-7.352	7.0513
Sample_878	-4.205	3.3514	-4.9615	-9.1955	-8.2474
Sample_879	-6.7849	4.4974	0.1852	-7.9729	0.6375
Sample_880	-5.4863	-0.0877	0.7931	5.2792	-6.851
Sample_881	2.3658	-2.6138	3.3347	4.365	-3.8211
Sample_882	-0.8238	1.3706	-9.844	3.0047	9.2704
Sample_883	-3.4763	2.9728	2.7996	-8.2296	-0.4622
Sample_884	-2.2397	8.647	-6.3552	1.996	4.6023
Sample_885	7.9617	5.6502	6.2642	2.5805	3.6293
Sample_886	-2.2235	-5.7384	-0.3331	9.344	6.4582
Sample_887	1.6675	-7.6208	-4.1951	-0.1452	-1.6218
Sample_888	8.4277	-1.1426	3.8731	-2.734	0.5542
Sample_889	-4.4686	1.4574	-3.977	-8.3767	-7.5492
Sample_890	-4.2684	-1.6466	4.5411	6.5143	4.857
Sample_891	-6.8523	7.5803	1.7385	-5.8939	3.2304
Sample_892	-0.1362	-1.9496	3.5512	-6.8646	6.895
Sample_893	4.1579	-8.5506	6.5167	9.3656	-1.1319
Sample_894	-3.6543	-2.3514	-0.389	1.1659	2.7265
Sample_895	-6.5611	-4.6416	5.2885	0.1138	-4.6445
Sample_896	0.8921	4.6659	1.4749	-5.9844	0.1532
Sample_897	-4.4881	-8.2278	-4.2242	4.6174	6.1699
Sample_898	5.3448	-3.855	2.5293	7.5407	-2.0704
Sample_899	-2.4179	-2.0523	5.1652	-2.7093	0.9891
Sample_900	3.5869	6.8577	-7.0615	3.7553	-7.5705
Sample_901	-4.128	-8.7951	4.4016	0.4634	2.1147
Sample_902	9.2827	4.4172	-6.7841	-2.533	-4.9104
Sample_903	-5.7313	-2.4007	-5.0112	6.2826	0.352
Sample_904	6.062	6.3407	1.3824	-1.1959	-0.6664
Sample_905	6.148	-9.6435	4.47	-1.5843	-4.1441
Sample_906	1.9888	0.6917	-6.2821	-2.8203	-5.8174
Sample_907	-7.5424	3.7618	3.7646	2.4528	-1.3803
Sample_908	3.636	3.75	4.8647	-8.5232	5.0325
Sample_909	-9.8124	-9.6528	2.3647	-4.2345	-9.1406
Sample_910	2.1273	0.4297	-1.1176	-5.3374	-2.1445
Sample_911	-5.0529	9.6268	-2.4729	-2.2572	9.3195
Sample_912	-4.4905	-0.3565	7.4673	9.0573	-3.0335
Sample_913	8.7611	-3.023	-1.6116	-4.2477	2.0895
Sample_914	8.013	-5.8869	-1.9133	-0.5613	-8.2381
Sample_915	-8.2893	4.1498	6.9723	-0.4146	-2.0349
Sample_916	-8.9262	5.3576	0.8388	4.9409	-0.5409
Sample_917	-2.3079	8.461	7.1818	1.1889	5.1151
Sample_918	-2.7968	-9.1582	-4.1308	3.4965	7.378
Sample_919	-9.8025	9.1704	-7.5976	9.6935	1.729
Sample_920	2.8008	4.8007	9.552	-2.721	-6.1635
Sample_921	-8.7778	-7.0848	7.8608	-5.1152	6.6581
Sample_922	4.3589	-6.7907	7.7375	-4.5652	-4.2596
Sample_923	-9.4529	1.5747	6.462	-9.3768	2.5228
Sample_924	-3.89	5.4524	-1.6824	-0.5692	2.434
Sample_925	-4.175	-9.6129	7.6698	5.3958	-9.764
Sample_926	5.2324	-9.3385	-1.2531	7.4839	9.2209
Sample_927	0.3456	6.6823	4.0407	5.7505	-2.9708
Sample_928	-8.4246	-6.9046	-6.1911	-2.4159	-0.1875
Sample_929	3.5094	1.17	-5.8236	7.2901	1.7855
Sample_930	7.0756	1.8391	-9.1263	6.0264	-0.2667
Sample_931	-0.6573	2.7192	-0.3446	2.784	2.0501
Sample_932	-3.0733	0.8909	1.9195	-6.1272	7.8121
Sample_933	-8.9713	6.0855	-4.6661	3.1083	-0.7078
Sample_934	8.5533	2.7073	1.6182	0.2963	-0.2448
Sample_935	-6.7782	5.1452	-2.1381	5.848	0.0067
Sample_936	-3.886	-1.201	0.5397	-9.4938	-1.8498
Sample_937	-7.3525	8.8196	0.3794	2.5151	-2.0292
Sample_938	-9.9944	-9.0032	6.4038	-3.1692	7.4691
Sample_939	-5.9178	-6.5832	1.4663	-7.4375	-3.96
Sample_940	-3.9316	6.4122	-9.3077	7.6965	-9.3448
Sample_941	-6.8541	-8.5697	-2.0006	-6.7592	1.3152
Sample_942	-7.6074	-8.0272	1.5009	-3.375	-8.9736
Sample_943	-7.2036	9.6199	-1.7773	4.1997	5.2068
Sample_944	-5.9982	6.6319	4.6361	-0.7362	-7.3996
Sample_945	5.1116	8.7308	-0.2443	-2.1559	8.3263
Sample_946	8.9766	-1.742	-7.1105	-9.3357	8.3784
Sample_947	-4.2515	5.2146	4.5389	-4.2897	3.0653
Sample_948	0.764	9.1461	9.4487	-9.4663	-8.3604
Sample_949	-1.0348	-7.2978	0.1794	4.3846	6.5327
Sample_950	3.3319	3.0683	-2.9431	-4.102	-0.1538
Sample_951	2.6415	2.1368	6.0179	1.0904	-3.1216
Sample_952	9.2935	7.0995	-2.7642	6.4253	7.005
Sample_953	3.3954	7.7271	3.2444	8.9118	4.6278
Sample_954	9.4169	-2.5553	-7.804	-8.5902	6.7402
Sample_955	-2.2847	-1.0655	9.7487	-2.5322	2.8468
Sample_956	-8.5068	-8.6117	-0.3419	0.1833	6.5107
Sample_957	2.4913	2.4913	-6.0276	-7.9795	-1.6981
Sample_958	-0.5069	6.6516	4.4314	-4.5935	1.109
Sample_959	1.2326	-6.5213	8.1692	-9.2756	1.8034
Sample_960	0.1053	-3.2879	-4.8919	-0.7049	-1.2977
Sample_961	-3.005	-4.8139	-8.2126	6.2114	8.3116
Sample_962	4.4344	4.352	-8.6361	-6.6775	6.9886
Sample_963	-1.0893	6.9336	7.8128	-6.9449	-4.9319
Sample_964	9.1659	5.1648	7.7762	-4.1757	-3.498
Sample_965	8.81	-4.8353	7.8131	-9.8326	-7.4991
Sample_966	-2.4625	6.0843	-7.1565	-9.6515	-4.8903
Sample_967	-5.0286	-7.3524	-3.3014	-2.6959	3.7451
Sample_968	-6.8783	-6.8139	-1.9379	-1.7014	-9.7157
Sample_969	6.0764	2.4122	0.5	6.9558	7.7574
Sample_970	7.1858	-0.9338	8.8541	8.462	3.4802
Sample_971	-3.5811	8.1169	-6.2869	6.7918	-1.423
Sample_972	4.6117	-8.7447	5.8966	8.3679	-2.3602
Sample_973	6.1053	1.5335	6.7844	-0.1432	-0.0947
Sample_974	6.66	8.5412	-2.4756	2.7173	-7.1177
Sample_975	1.773	2.1737	-5.967	5.5025	-2.377
Sample_976	7.9115	9.382	9.1285	-1.4829	-6.9075
Sample_977	-0.7028	-3.5878	5.1251	-4.3393	1.617
Sample_978	-5.1753	-5.9782	-9.6422	2.3405	-3.8322
Sample_979	-0.1151	5.2568	-3.5471	8.2983	-7.1413
Sample_980	-0.9995	-2.8694	-0.3885	-5.553	-1.4705
Sample_981	8.8481	-4.2306	1.3593	4.546	-4.0929
Sample_982	-0.0359	1.7279	-9.8064	-3.6452	0.8388
Sample_983	-2.5797	-9.0067	-3.2931	-3.7203	3.3135
Sample_984	-9.7694	-2.9099	-7.3641	6.5335	8.3439
Sample_985	-2.6106	-4.3877	-7.8618	2.5638	-3.5632
Sample_986	0.2292	3.4156	-8.5828	-0.6277	3.5874
Sample_987	-6.3012	9.2881	-7.7757	7.4818	-6.8834
Sample_988	7.7198	6.9693	-6.8977	7.7003	-6.7081
Sample_989	-6.3123	-6.3134	-0.6526	2.2129	-2.1435
Sample_990	-4.5552	-6.4292	4.4828	8.1105	-3.0051
Sample_991	1.4358	-9.017	4.1851	1.8872	4.6731
Sample_992	-8.5185	8.9015	9.9061	-7.2701	4.2462
Sample_993	-5.4992	8.5738	-6.6944	-6.7325	9.3583
Sample_994	-4.0515	4.1197	6.2662	6.8337	-9.4129
Sample_995	1.5375	-4.0773	4.9284	3.2036	9.358
Sample_996	8.2508	7.8656	-6.7282	6.8462	2.6622
Sample_997	-7.8384	-9.1291	-5.4833	-0.1271	5.5872
Sample_998	0.4514	-5.095	-4.175	5.2376	-8.8507
Sample_999	7.9275	-1.353	-1.0263	-1.9082	-9.1055
Sample_1000	9.6954	7.9098	-5.269	-6.7946	-6.6656
